time,lon,lat,speed,heading,xcourse,ycourse,zcourse,ruddercommand,rudder,delta_t,dist,delta,psi,thrust,-rudder,x0,y0
0.0,119.161706,26.067217,0.39,225.0,0.84,0.09,225.98,60.0,-1.0,0.1,0.1,0.017453292519943295,3.9269908169872414,0.0,1.0,0.0,0.0
0.5,119.161706,26.067217,0.3728571428571428,225.57142857142856,0.877142857142857,0.0685714285714285,226.81285714285715,60.0,-1.0,0.431999921798706,0.0,0.017453292519943295,3.9369641269986375,0.0,1.0,0.0,0.0
1.0,119.161706,26.067216,0.42,227.0,0.84,0.21,227.68,60.0,1.0,0.437999963760376,0.1107890237632582,-0.017453292519943295,3.961897402027128,0.0,-1.0,-0.11089910147711635,-0.0032697644201107323
1.5,119.1617055,26.067216,0.42,228.0,0.99,0.04857142857142855,228.8514285714286,60.0,10.0,0.437000036239624,0.0500303353176133,-0.17453292519943298,3.9793506945470716,0.0,-10.0,-0.10942253516986966,-0.05334980692714453
2.5,119.161705,26.06721599999999,0.42,229.0,1.0000000000000002,-0.0033333333333333,230.82333333333332,60.0,19.0,0.7083332538604736,1.0590125770340231e-09,-0.33161255787892263,3.9968039870670147,0.0,-19.0,-0.10794596979394555,-0.1034298543818295
3.0,119.161705,26.067214,0.41,232.0,1.02,-0.02,232.63,60.0,21.0,0.7136666774749756,0.2215780457446967,-0.3665191429188092,4.049163864626845,0.0,-21.0,-0.32974416948854923,-0.10996938176685944
4.0,119.161705,26.067213999999996,0.4100000000000001,232.0,0.953529411764706,-0.1247058823529411,235.3629411764706,60.0,21.0,0.9793531894683838,7.069288649822944e-10,-0.3665191429188092,4.049163864626845,0.0,-21.0,-0.32974416948854923,-0.10996938176685944
5.0,119.161701,26.067209,0.49,237.0,0.95,-0.37,238.3,60.0,22.0,0.9846467971801758,0.6834101319871594,-0.3839724354387525,4.136430327226561,0.0,-22.0,-0.8724271338433027,-0.5269585764617659
5.5,119.161701,26.067208999999995,0.4972727272727272,238.45454545454547,1.0045454545454546,0.0672727272727272,240.6881818181818,60.0,20.545454545454547,0.6532726287841797,7.069288649822942e-10,-0.35858582813701684,4.161816934528297,0.0,-20.545454545454547,-0.872427134308964,-0.5269585764617659
6.5,119.1617,26.067207,0.57,242.0,0.98,0.0,242.66,60.0,22.0,0.6527273654937744,0.2431233630350519,-0.3839724354387525,4.223696789826278,0.0,-22.0,-1.0912722004577518,-0.633658207138069
7.0,119.1616995,26.067206499999998,0.54,243.5,0.9575,0.0933333333333333,244.78416666666666,60.0,21.5,0.3825000524520874,0.0746430623731798,-0.3752457891787808,4.249876728606193,0.0,-21.5,-1.1452451813966036,-0.6853731366572902
8.0,119.161699,26.067206,0.5099999999999999,245.0,0.9683333333333332,-0.0044444444444444,249.28555555555556,60.0,21.0,1.039555549621582,0.0,-0.3665191429188092,4.276056667386108,0.0,-21.0,-1.1992181637324393,-0.7370880718226545
9.0,119.161693,26.0672,0.67,252.0,1.02,-0.36,253.11,60.0,21.0,1.0364444255828855,0.8957167606001384,-0.3665191429188092,4.39822971502571,0.0,-21.0,-1.8468939340673387,-1.3576672949711792
10.5,119.161693,26.067200000000007,0.67,252.0,0.9709523809523812,-0.1771428571428571,257.62999999999994,60.0,21.0,1.2022380828857422,1.587655851357161e-09,-0.3665191429188092,4.39822971502571,0.0,-21.0,-1.8468939336016774,-1.3576672949711792
11.5,119.161689,26.067195,0.66,262.0,0.97,0.06,262.07,60.0,23.0,1.2037618160247805,0.6834101601475846,-0.4014257279586958,4.572762640225143,0.0,-23.0,-2.3895768700167537,-1.7746565842535347
12.5,119.161689,26.06719500000001,0.66,262.0,0.9393749999999998,-0.044375,265.726875,60.0,23.0,0.925562620162964,1.7731456628564967e-09,-0.4014257279586958,4.572762640225143,0.0,-23.0,-2.38957686861977,-1.774656584195327
13.5,119.161684,26.067192,0.63,268.0,0.97,-0.07,269.21,60.0,21.0,0.9324374198913574,0.6006425009987696,-0.3665191429188092,4.6774823953448035,0.0,-21.0,-2.707508446648717,-2.285266464576125
14.500000000000002,119.16168399999997,26.067191999999995,0.63,268.0,0.9557142857142856,-0.1957142857142857,272.54285714285714,60.0,21.0,0.8150713443756104,2.8657324898924354e-09,-0.3665191429188092,4.6774823953448035,0.0,-21.0,-2.7075084475800395,-2.2852664672536775
15.000000000000002,119.161677,26.067188,0.75,275.0,0.96,0.02,275.6,60.0,22.0,0.8179285526275635,0.828843947143061,-0.3839724354387525,4.799655442984406,0.0,-22.0,-3.130432804580778,-2.9994663771940395
15.500000000000002,119.1616765,26.067188,0.75,276.0,0.9533333333333334,-0.14,277.01166666666666,60.0,22.0,0.21900010108947748,0.0500303472132292,-0.3839724354387525,4.81710873550435,0.0,-22.0,-3.1289562275633216,-3.049546437745448
16.0,119.161676,26.067188,0.75,277.0,0.9316666666666668,-0.0933333333333333,278.8916666666667,60.0,22.0,0.3829998970031738,1.4651330838444672e-09,-0.3839724354387525,4.834562028024293,0.0,-22.0,-3.127479651942849,-3.099626493290998
16.5,119.161673,26.067186,0.77,279.0,0.95,-0.05,280.5,60.0,23.0,0.3789999485015869,0.3731033559143227,-0.4014257279586958,4.869468613064179,0.0,-23.0,-3.3404183932580054,-3.4066464148345403
17.5,119.16167300000002,26.067186,0.7699999999999998,279.0,0.9338095238095238,-0.0852380952380952,285.1961904761905,60.0,23.0,1.203333616256714,2.843896037872474e-09,-0.4014257279586958,4.869468613064179,0.0,-23.0,-3.3404183932580054,-3.406646412331611
18.5,119.161664,26.067183,0.89,289.0,0.95,-0.12,289.83,60.0,22.0,1.2046663761138916,0.9599226373619972,-0.3839724354387525,5.044001538263612,0.0,-22.0,-3.646537270862609,-4.3178968517459
20.0,119.16166400000004,26.067183,0.8900000000000002,289.0,0.9254545454545456,-0.1468181818181818,294.9104545454547,60.0,22.0,1.2515909671783447,2.8438961103210874e-09,-0.3839724354387525,5.044001538263612,0.0,-22.0,-3.646537270862609,-4.317896846565418
21.0,119.161653,26.067182,0.87,299.0,0.96,0.05,299.66,60.0,22.0,1.2574090957641602,1.1062294447845569,-0.3839724354387525,5.218534463463046,0.0,-22.0,-3.724951543379575,-5.42292797495611
21.5,119.161653,26.067182,0.87,299.0,0.8766666666666666,-0.17,301.37833333333333,60.0,22.0,0.3810000419616699,0.0,-0.3839724354387525,5.218534463463046,0.0,-22.0,-3.724951543379575,-5.42292797495611
22.0,119.161649,26.067182,0.83,302.0,0.89,-0.21,302.68,60.0,23.0,0.3819999694824219,0.4002427995202536,-0.4014257279586958,5.270894341022875,0.0,-23.0,-3.7131388536654413,-5.823568464373238
22.5,119.16164899999995,26.067182,0.83,302.0,0.9175,-0.1791666666666666,305.65416666666664,60.0,23.0,0.7104167938232422,2.843896134470623e-09,-0.4014257279586958,5.270894341022875,0.0,-23.0,-3.7131388536654413,-5.8235684694955125
23.5,119.161643,26.067182,0.85,308.0,0.91,-0.2,308.49,60.0,21.0,0.7065832614898682,0.6003641957255103,-0.3665191429188092,5.375614096142535,0.0,-21.0,-3.695419796742499,-6.4245291945990175
24.0,119.161643,26.067182,0.8499999999999998,308.0,0.9254545454545452,-0.1763636363636364,311.1472727272728,60.0,21.0,0.6587271690368652,0.0,-0.3665191429188092,5.375614096142535,0.0,-21.0,-3.695419796742499,-6.4245291945990175
24.5,119.161635,26.067183,0.92,313.0,0.96,-0.17,313.66,60.0,20.0,0.6542727947235107,0.808115952903861,-0.3490658503988659,5.462880558742252,0.0,-20.0,-3.560895237606019,-7.222540354472585
26.5,119.16163499999996,26.067183,0.9200000000000008,313.0,0.9185714285714284,-0.1564285714285714,320.2510714285715,60.0,20.0,1.583892583847046,4.265844165481631e-09,-0.3490658503988659,5.462880558742252,0.0,-20.0,-3.560895237606019,-7.222540356975514
28.0,119.161622,26.067187,0.88,326.0,0.8666666666666667,-0.49833333333333335,327.29333333333335,60.0,23.0,0.9018869400024414,0.6871025224931996,-0.4014257279586958,5.689773361501515,0.0,-23.0,-3.0789073440246284,-8.511542618216481
28.5,119.16162,26.067188,0.81,328.0,0.83,-0.82,328.55,60.0,21.0,0.2173335552215576,0.228741729600777,-0.3665191429188092,5.724679946541401,0.0,-21.0,-2.9621018450707197,-8.708593020390254
29.500000000000004,119.16162000000004,26.06718799999999,0.8100000000000004,328.0,0.9305555555555556,-0.2533333333333333,332.84444444444443,60.0,21.0,1.0364995002746582,3.175311961914084e-09,-0.3665191429188092,5.724679946541401,0.0,-21.0,-2.9621018464677036,-8.708593017829116
30.500000000000004,119.161614,26.067192,0.88,336.0,0.93,-0.09,337.27,60.0,24.0,1.0365004539489746,0.7462067052242026,-0.4188790204786391,5.8643062867009474,0.0,-24.0,-2.500786220189184,-9.296474377217237
31.000000000000004,119.1616135,26.067192,0.9099999999999999,337.5,0.9291666666666666,-0.18999999999999995,339.46333333333337,60.0,23.0,0.38150000572204584,0.050030345867320684,-0.4014257279586958,5.890486225480862,0.0,-23.0,-2.4993096198886633,-9.34655443840893
31.500000000000004,119.1616105,26.067193999999997,0.9299999999999999,340.0,0.985,-0.18166666666666664,341.5616666666666,60.0,22.0,0.21850001811981196,0.3341746784597429,-0.3839724354387525,5.934119456780721,0.0,-22.0,-2.2686517951078713,-9.640495100873522
33.0,119.16160799999992,26.067196000000013,0.9200000000000004,341.0,0.907,-0.1704999999999999,346.8045000000001,60.0,22.0,1.1485998630523682,7.188219898652035e-09,-0.3839724354387525,5.951572749300664,0.0,-22.0,-2.039470562711358,-9.884355703834444
34.0,119.161604,26.067201,0.92,351.0,0.92,-0.24,351.12,60.0,21.0,1.144400119781494,0.6834101534694318,-0.3665191429188092,6.126105674500097,0.0,-21.0,-1.4731621891260147,-10.268646902753972
34.5,119.16160399999998,26.067201000000004,0.9200000000000002,351.0,0.8869999999999999,-0.255,354.13500000000005,60.0,21.0,0.6025002002716064,1.421947837814646e-09,-0.3665191429188092,6.126105674500097,0.0,-21.0,-1.4731621886603534,-10.268646905431524
35.0,119.161599,26.067207,0.89,356.0,0.86,-0.3,356.44,60.0,22.0,0.6004998683929443,0.8319705348846319,-0.3839724354387525,6.213372137099813,0.0,-22.0,-0.793001476675272,-10.749828327447176
36.5,119.161599,26.067207000000003,0.8900000000000002,356.0,0.8857142857142858,-0.2571428571428572,104.43571428571428,60.0,22.0,1.2021429538726809,7.069288649822942e-10,-0.3839724354387525,6.213372137099813,0.0,-22.0,-0.7930014757439494,-10.749828324827831
37.5,119.161594,26.067216,0.92,6.0,0.85,-0.13,6.63,60.0,21.0,1.2008569240570068,1.1155780047083537,-0.3665191429188092,6.387905062299246,0.0,-21.0,0.21985658956691623,-11.221200120577123
38.0,119.161594,26.067216,0.92,6.0,0.9257142857142856,-0.1885714285714285,8.332857142857142,60.0,21.0,0.4377143383026123,1.421947656692957e-09,-0.3665191429188092,6.387905062299246,0.0,-21.0,0.21985658956691623,-11.221200120577123
38.5,119.161593,26.067221,0.92,10.0,0.87,-0.53,10.64,60.0,26.0,0.4352858066558838,0.5629096997037778,-0.4537856055185257,6.457718232379019,0.0,-26.0,0.7773053557612002,-11.30501091183396
39.0,119.161593,26.067221,0.9200000000000002,10.0,0.8640000000000001,-0.286,12.752,60.0,26.0,0.6005997657775879,1.4651326972514074e-09,-0.4537856055185257,6.457718232379019,0.0,-26.0,0.7773053557612002,-11.30501091183396
39.5,119.161592,26.067225,0.9,14.0,0.86,-0.26,15.1,60.0,22.0,0.5984001159667969,0.4543120740088803,-0.3839724354387525,6.527531402458792,0.0,-22.0,1.223855014424771,-11.392091557034291
40.0,119.161592,26.067224500000002,0.925,15.0,0.9033333333333333,-0.15166666666666664,16.575,60.0,22.0,0.21899998188018793,0.055394511724917286,-0.3839724354387525,6.544984694978735,0.0,-22.0,1.168405459728092,-11.393726489914116
40.5,119.161592,26.067224,0.95,16.0,0.895,-0.2333333333333333,18.675,60.0,22.0,0.3833334445953369,0.0,-0.3839724354387525,6.562437987498679,0.0,-22.0,1.1129559045657516,-11.39536142005818
41.0,119.161591,26.067232,0.81,19.0,0.86,-0.31,20.24,60.0,24.0,0.3796665668487549,0.891942503772351,-0.4188790204786391,6.614797865058509,0.0,-24.0,2.0031020040623844,-11.469362605479546
41.5,119.16159100000002,26.067232,0.8100000000000003,19.0,0.8919999999999998,-0.257,22.763,60.0,24.0,0.6029999256134033,1.5876555057572202e-09,-0.4188790204786391,6.614797865058509,0.0,-24.0,2.003102003596723,-11.469362602976616
42.0,119.16159,26.067237,0.9,24.0,0.84,-0.18,25.43,60.0,24.0,0.6130001544952393,0.5629096987074766,-0.4188790204786391,6.702064327658225,0.0,-24.0,2.560550774913281,-11.553173366060946
43.0,119.16158999999998,26.06723699999999,0.9000000000000002,24.0,0.93,-0.2181249999999999,29.161874999999995,60.0,24.0,0.9168121814727784,2.930265019624371e-09,-0.4188790204786391,6.702064327658225,0.0,-24.0,2.560550774913281,-11.553173366060946
44.0,119.161591,26.067242,0.88,32.0,0.94,-0.24,32.89,60.0,23.0,0.9261877536773682,0.5629096995435419,-0.4014257279586958,6.841690667817772,0.0,-23.0,3.112093099858612,-11.43666396313347
44.5,119.16159100000002,26.067242,0.8800000000000001,32.0,0.883,-0.273,35.623000000000005,60.0,23.0,0.6022999286651611,1.421947342748467e-09,-0.4014257279586958,6.841690667817772,0.0,-23.0,3.112093099858612,-11.436663960688747
45.0,119.161591,26.067248,0.92,38.0,0.89,-0.23,38.12,60.0,23.0,0.6037001609802246,0.6647341423903916,-0.4014257279586958,6.946410422937431,0.0,-23.0,3.7774877599440515,-11.417044771136716
45.5,119.16159100000002,26.067248,0.9200000000000002,38.0,0.929,-0.24,40.57,60.0,23.0,0.5978999137878418,1.4219472702996971e-09,-0.4014257279586958,6.946410422937431,0.0,-23.0,3.7774877599440515,-11.417044768575579
46.0,119.161592,26.067254,0.89,42.0,0.94,-0.25,43.14,60.0,25.0,0.601099967956543,0.672222888895697,-0.4363323129985824,7.016223593017204,0.0,-25.0,4.43992919428274,-11.297265511762816
47.0,119.161592,26.067254,0.89,42.0,0.9200000000000002,-0.173,45.42700000000001,60.0,25.0,0.6001996994018555,0.0,-0.4363323129985824,7.016223593017204,0.0,-25.0,4.43992919428274,-11.297265511762816
47.5,119.161593,26.067258,0.83,47.0,0.96,-0.22,47.54,60.0,20.0,0.5998003482818604,0.4543120690523046,-0.3490658503988659,7.103490055616922,0.0,-20.0,4.88057240890339,-11.184025988273788
48.0,119.161593,26.067258,0.8299999999999998,47.0,0.903,-0.18,50.197,60.0,20.0,0.6004002094268799,1.58765522495699e-09,-0.3490658503988659,7.103490055616922,0.0,-20.0,4.88057240890339,-11.184025988273788
48.5,119.161593,26.06726,0.89,52.0,0.9,-0.25,52.62,60.0,21.0,0.5985996723175049,0.2215780479598332,-0.3665191429188092,7.190756518216638,0.0,-21.0,5.1023706290870905,-11.177486258558929
49.0,119.161593,26.06726,0.89,52.0,0.933,-0.251,54.974,60.0,21.0,0.6029000282287598,1.4651322403681187e-09,-0.3665191429188092,7.190756518216638,0.0,-21.0,5.1023706290870905,-11.177486258558929
50.0,119.161597,26.067266,0.86,57.0,0.89,-0.34,57.61,60.0,24.0,0.6040999889373779,0.7759288363016779,-0.4188790204786391,7.278022980816354,0.0,-24.0,5.755952397827059,-10.757226851244923
50.5,119.161597,26.067266,0.86,57.0,0.9264285714285714,-0.2242857142857142,60.56214285714286,60.0,24.0,0.8165712356567383,1.4219470529532932e-09,-0.4188790204786391,7.278022980816354,0.0,-24.0,5.755952397827059,-10.757226851244923
51.5,119.161599,26.06727,0.76,63.0,0.98,-0.17,63.4,60.0,21.0,0.8154289722442627,0.4862466878740069,-0.3665191429188092,7.382742735936014,0.0,-21.0,6.1936423946172,-10.54382730089128
52.5,119.161599,26.067270000000004,0.7599999999999999,63.0,0.8963157894736843,-0.231578947368421,68.18315789473685,60.0,21.0,1.0950524806976318,3.5277407227143775e-10,-0.3665191429188092,7.382742735936014,0.0,-21.0,6.193642395082861,-10.543827300833073
53.5,119.161607,26.067278,0.89,71.0,0.88,-0.1,72.54,60.0,20.0,1.088947296142578,1.194288699671909,-0.3490658503988659,7.52236907609556,0.0,-20.0,7.057209533173591,-9.716388065426145
54.5,119.161607,26.06727799999999,0.8900000000000002,71.0,0.9035714285714284,-0.2,75.99571428571429,60.0,20.0,0.8212859630584717,1.4131673697448787e-09,-0.3490658503988659,7.52236907609556,0.0,-20.0,7.057209531310946,-9.716388065484352
55.5,119.161613,26.067283,0.91,78.0,0.88,-0.1,79.18,60.0,25.0,0.8217141628265381,0.8168792851605957,-0.4363323129985824,7.644542123735163,0.0,-25.0,7.593985803890973,-9.099078558152542
56.0,119.16161300000002,26.067283,0.91,78.0,0.9133333333333332,-0.1344444444444444,81.63111111111111,60.0,25.0,0.5427777767181396,1.421946847681561e-09,-0.4363323129985824,7.644542123735163,0.0,-25.0,7.593985803890973,-9.099078558152542
56.5,119.161617,26.067285,0.88,83.0,0.925,-0.24499999999999994,84.46,60.0,24.0,0.38277781009674067,0.22874158620075696,-0.4188790204786391,7.73180858633488,0.0,-24.0,7.8039711862802505,-8.691898714925628
57.0,119.161619,26.067286,0.92,85.0,0.91,-0.1,86.02,60.0,22.0,0.2156665325164795,0.2287415821672646,-0.3839724354387525,7.766715171374766,0.0,-22.0,7.908963882364333,-8.488308796251658
57.50000000000001,119.161619,26.067286000000006,0.92,85.0,0.9735714285714286,-0.1314285714285714,89.29714285714286,60.0,22.0,0.8207859992980957,1.4651319357789102e-09,-0.3839724354387525,7.766715171374766,0.0,-22.0,7.908963882364333,-8.488308796251658
58.50000000000001,119.161624,26.067289,0.86,92.0,0.91,-0.11,93.17,60.0,20.0,0.820214033126831,0.6006421688691644,-0.3490658503988659,7.888888219014369,0.0,-20.0,8.226895187050104,-7.977699099981692
59.50000000000001,119.16162400000005,26.067289,0.86,92.0,0.9192857142857144,-0.1742857142857143,96.4492857142857,60.0,20.0,0.8185713291168213,2.8438935504653702e-09,-0.3490658503988659,7.888888219014369,0.0,-20.0,8.226895187050104,-7.9776990948594175
60.00000000000001,119.16163,26.067291,0.87,99.0,0.92,-0.2,99.66,60.0,22.0,0.8194286823272705,0.6399479190924373,-0.3839724354387525,8.011061266653972,0.0,-22.0,8.43097420455888,-7.370199235447217
60.50000000000001,119.16163000000005,26.067291000000004,0.87,99.0,0.91,-0.1644444444444444,102.51222222222222,60.0,22.0,0.5445556640625,2.93026375440806e-09,-0.3839724354387525,8.011061266653972,0.0,-22.0,8.430974205490202,-7.37019923038315
61.00000000000001,119.161637,26.067292,0.86,104.0,0.9,-0.23,105.18,60.0,23.0,0.5594444274902344,0.7091320957232229,-0.4014257279586958,8.09832772925369,0.0,-23.0,8.521200947929174,-6.665809199679643
61.50000000000001,119.161637,26.067292,0.8600000000000001,104.0,0.9114285714285716,-0.1642857142857142,106.78,60.0,23.0,0.4248571395874023,1.4651318654890534e-09,-0.4014257279586958,8.09832772925369,0.0,-23.0,8.521200947929174,-6.665809199679643
62.00000000000001,119.161642,26.067292,0.83,108.0,0.91,-0.05,109.07,60.0,24.0,0.4391427040100097,0.5003030302945359,-0.4188790204786391,8.168140899333462,0.0,-24.0,8.506434998475015,-6.165009059186559
63.00000000000001,119.161642,26.067292000000005,0.83,108.0,0.9093333333333332,-0.1673333333333333,112.61933333333332,60.0,24.0,0.8711338043212891,1.773144726420699e-09,-0.4188790204786391,8.168140899333462,0.0,-24.0,8.506434999406338,-6.165009059244767
64.0,119.161648,26.067293,0.84,116.0,0.88,-0.24,116.84,60.0,20.0,0.877866268157959,0.6105003687671257,-0.3490658503988659,8.307767239493009,0.0,-20.0,8.599614989478141,-5.560779071063735
64.5,119.161648,26.067293,0.8400000000000001,116.0,0.883,-0.175,119.168,60.0,20.0,0.5974998474121094,1.4219467269334251e-09,-0.3490658503988659,8.307767239493009,0.0,-20.0,8.599614989478141,-5.560779071063735
65.0,119.16165,26.067293,0.86,121.0,0.92,-0.02,121.71,60.0,22.0,0.6005001068115234,0.2001212118403789,-0.3839724354387525,8.395033702092725,0.0,-22.0,8.593708624131978,-5.3604590177419595
65.5,119.16164999999998,26.067293,0.8600000000000001,121.0,0.917,-0.27,124.42,60.0,22.0,0.5987999439239502,1.4219467269334251e-09,-0.3839724354387525,8.395033702092725,0.0,-22.0,8.593708624597639,-5.360459020186681
66.0,119.161661,26.067292,0.82,126.0,0.92,-0.06,127.31,60.0,20.0,0.6012001037597656,1.1062284204142676,-0.3490658503988659,8.482300164692441,0.0,-20.0,8.450324564240873,-4.261968541191891
66.5,119.161662,26.067292,0.84,127.5,0.9133333333333333,-0.05833333333333334,128.595,60.0,21.5,0.21700000762939448,0.1000606067698791,-0.3752457891787808,8.508480103472357,0.0,-21.5,8.447371392510831,-4.16180851572426
67.5,119.161663,26.067292,0.8600000000000001,129.0,0.906,-0.267,131.74499999999998,60.0,23.0,0.6044001579284668,3.5277407227143786e-10,-0.4014257279586958,8.534660042252272,0.0,-23.0,8.444418219383806,-4.061648487811908
68.0,119.161668,26.06729,0.85,133.0,0.88,-0.05,134.5,60.0,24.0,0.5975997447967529,0.5471745235838081,-0.4188790204786391,8.604473212332044,0.0,-24.0,8.207854162435979,-3.567387965566013
69.0,119.16166799999998,26.06729000000001,0.8499999999999998,133.0,0.9476470588235296,-0.1570588235294117,138.97823529411764,60.0,24.0,0.9844117164611816,2.8657301414635704e-09,-0.4188790204786391,8.604473212332044,0.0,-24.0,8.207854162435979,-3.5673879680107348
70.0,119.161677,26.067287,0.81,143.0,0.96,-0.06,143.75,60.0,22.0,0.985588312149048,0.9599218934022458,-0.3839724354387525,8.779006137531479,0.0,-22.0,7.848578373435885,-2.6757571081398055
70.5,119.16167700000004,26.067287,0.8100000000000003,143.0,0.948,-0.242,146.223,60.0,22.0,0.597100019454956,2.843893598764624e-09,-0.3839724354387525,8.779006137531479,0.0,-22.0,7.848578373435885,-2.6757571055786684
71.0,119.16168,26.067285,0.87,148.0,0.89,-0.23,148.86,60.0,20.0,0.5989000797271729,0.3731031549422493,-0.3490658503988659,8.866272600131193,0.0,-20.0,7.617920689750463,-2.381816607026849
71.5,119.16168000000002,26.067285,0.87,148.0,0.9071428571428573,-0.2757142857142857,151.08999999999995,60.0,20.0,0.4381427764892578,1.421946823531937e-09,-0.3490658503988659,8.866272600131193,0.0,-20.0,7.61792068881914,-2.381816607026849
72.0,119.161684,26.067283,0.84,152.0,0.88,-0.2,153.12,60.0,22.0,0.4388570785522461,0.4574831688610862,-0.3839724354387525,8.936085770210967,0.0,-22.0,7.384309858083725,-1.9877160640899092
73.5,119.16168400000002,26.067282999999986,0.84,152.0,0.8915384615384613,-0.1326923076923076,160.14499999999998,60.0,22.0,1.47326922416687,3.767890023012326e-09,-0.3839724354387525,8.936085770210967,0.0,-22.0,7.3843098557554185,-1.9877160590840504
75.0,119.161693,26.067275,0.86,166.0,0.905,-0.17666666666666664,167.98666666666665,60.0,21.0,0.9279488325119019,0.6317696565591835,-0.3665191429188092,9.180431865490174,0.0,-21.0,6.470538679510355,-1.1124340276001021
75.5,119.161695,26.067272,0.87,170.0,0.94,-0.15,170.47,60.0,22.0,0.3828332424163818,0.3879644093339996,-0.3839724354387525,9.250245035569947,0.0,-22.0,6.131935081444681,-0.9219232884352095
76.0,119.16169499999998,26.067272,0.8699999999999999,170.0,0.93,-0.176,173.551,60.0,22.0,0.5996003150939941,1.4651320997885186e-09,-0.3839724354387525,9.250245035569947,0.0,-22.0,6.131935081910342,-0.9219232909963466
77.0,119.161698,26.067268,0.83,176.0,0.89,-0.18,176.76,60.0,21.0,0.6003997325897217,0.5352536630648566,-0.3665191429188092,9.354964790689607,0.0,-21.0,5.6794792432338,-0.6345222702948377
78.0,119.16169799999994,26.06726800000001,0.83,176.0,0.9255555555555556,-0.2038888888888888,181.36944444444447,60.0,21.0,1.037722110748291,5.731461337325204e-09,-0.3665191429188092,9.354964790689607,0.0,-21.0,5.679479243699461,-0.6345222780946642
79.0,119.161702,26.067261,0.84,185.0,0.94,-0.08,186.02,60.0,25.0,1.0372776985168457,0.8727143081314009,-0.4363323129985824,9.512044423369096,0.0,-25.0,4.8913729707710445,-0.2567704982939176
79.5,119.16170200000003,26.06726099999999,0.84,185.0,0.9415384615384615,-0.233076923076923,190.1138461538461,60.0,25.0,0.7660770416259766,3.0347724892393677e-09,-0.4363323129985824,9.512044423369096,0.0,-25.0,4.891372969839722,-0.2567704957909882
80.5,119.161704,26.067255,0.8,193.0,0.94,-0.18,193.96,60.0,20.0,0.7689230442047119,0.6942045820736239,-0.3490658503988659,9.651670763528642,0.0,-20.0,4.220072089228779,-0.07606901793042198
81.5,119.161706,26.067251,0.87,199.0,0.91,-0.13,199.4,60.0,22.0,1.194000005722046,0.4862466981298565,-0.3839724354387525,9.756390518648303,0.0,-22.0,3.7705694139003754,0.11117202072637156
82.0,119.161706,26.067251,0.87,199.0,0.9257142857142856,-0.1528571428571428,201.89285714285717,60.0,22.0,0.4385714530944824,0.0,-0.3839724354387525,9.756390518648303,0.0,-22.0,3.7705694139003754,0.11117202072637156
82.5,119.161706,26.067247,0.86,203.0,0.96,-0.37,203.72,60.0,25.0,0.4364285469055176,0.44315609500885,-0.4363323129985824,9.826203688728075,0.0,-25.0,3.3269730117172003,0.0980929532670416
83.0,119.161706,26.0672465,0.85,204.5,0.8875,-0.26499999999999996,206.03,60.0,23.0,0.27250003814697266,0.05539451178187205,-0.4014257279586958,9.85238362750799,0.0,-23.0,3.271523461677134,0.09645806811749935
83.5,119.161706,26.067246000000004,0.8400000000000001,206.0,0.93,-0.1519999999999999,209.513,60.0,21.0,0.6017999649047852,1.4219472944492887e-09,-0.3665191429188092,9.878563566287905,0.0,-21.0,3.216073911637068,0.09482318547088653
84.0,119.161705,26.06724,0.85,212.0,0.97,-0.19,212.42,60.0,19.0,0.5992000102996826,0.6722228893536485,-0.33161255787892263,9.983283321407566,0.0,-19.0,2.5536324437707663,-0.02495548070874065
85.0,119.161705,26.067240000000005,0.8499999999999999,212.0,0.904,-0.191,215.176,60.0,19.0,0.6024997234344482,1.4219473668980534e-09,-0.33161255787892263,9.983283321407566,0.0,-19.0,2.5536324437707663,-0.02495548070874065
85.5,119.161705,26.067237,0.88,217.0,0.91,-0.17,218.37,60.0,22.0,0.6015002727508545,0.3323670716252897,-0.3839724354387525,10.070549784007282,0.0,-22.0,2.220935140736401,-0.034764781477861106
86.0,119.161705,26.067237,0.8800000000000001,217.0,0.927,-0.147,221.024,60.0,22.0,0.598599910736084,1.42194740312243e-09,-0.3839724354387525,10.070549784007282,0.0,-22.0,2.220935140736401,-0.034764781477861106
86.5,119.161703,26.067231,0.84,223.0,0.94,-0.12,223.45,60.0,21.0,0.5994000434875488,0.6942045936624065,-0.3665191429188092,10.17526953912694,0.0,-21.0,1.561446808744222,-0.25470352900447324
87.5,119.161703,26.067231,0.84,223.0,0.9214285714285716,-0.1514285714285714,227.6685714285714,60.0,21.0,0.8214287757873535,3.5277407227143786e-10,-0.3665191429188092,10.17526953912694,0.0,-21.0,1.561446808744222,-0.25470352900447324
88.5,119.1617,26.067224,0.87,231.0,0.9,-0.04,231.89,60.0,20.0,0.8195712566375732,0.8315920882394098,-0.3490658503988659,10.314895879286487,0.0,-20.0,0.7940125139430165,-0.578072146163322
89.0,119.16170000000002,26.067224000000003,0.8699999999999999,231.0,0.921,-0.112,234.29,60.0,20.0,0.5998001098632812,2.843895120189368e-09,-0.3490658503988659,10.314895879286487,0.0,-20.0,0.7940125148743391,-0.5780721435439773
89.5,119.161698,26.06722,0.81,236.0,0.92,-0.09,236.88,60.0,22.0,0.6031999588012695,0.4862467182661535,-0.3839724354387525,10.402162341886203,0.0,-22.0,0.3563223867677152,-0.7914713904610835
90.0,119.16169799999996,26.06722,0.8100000000000003,236.0,0.91,-0.151,239.86499999999995,60.0,22.0,0.5979998111724854,2.843895216787649e-09,-0.3839724354387525,10.402162341886203,0.0,-22.0,0.3563223867677152,-0.7914713954669423
90.5,119.161695,26.067215,0.91,242.0,0.88,-0.14,242.24,60.0,20.0,0.5980000495910645,0.6300511316323,-0.3490658503988659,10.506882097005864,0.0,-20.0,-0.18931369809433818,-1.1083005135296844
91.0,119.161695,26.067215,0.91,242.0,0.8666666666666667,-0.135,244.28,60.0,20.0,0.386333703994751,0.0,-0.3490658503988659,10.506882097005864,0.0,-20.0,-0.18931369809433818,-1.1083005135296844
91.5,119.161693,26.067213,0.91,245.0,0.86,-0.36,245.96,60.0,24.0,0.3806662559509277,0.2985722414448418,-0.4188790204786391,10.559241974565694,0.0,-24.0,-0.4052056176587939,-1.3151602420257404
92.0,119.161692,26.0672115,0.885,247.0,0.8591666666666666,-0.1983333333333333,248.6725,60.0,22.0,0.3825000524520874,0.19398223077115045,-0.3839724354387525,10.59414855960558,0.0,-22.0,-0.5686011272482574,-1.4202249952941202
93.5,119.16169099999998,26.067209999999992,0.8599999999999998,249.0,0.9221052631578948,-0.1684210526315789,254.7142105263158,60.0,20.0,1.0907368659973145,3.034773642531436e-09,-0.3490658503988659,10.629055144645466,0.0,-20.0,-0.7319966373033822,-1.525289753684774
94.5,119.161684,26.067203,0.84,259.0,0.93,-0.09,260.06,60.0,24.0,1.1002631187438965,1.045002872941465,-0.4188790204786391,10.8035880698449,0.0,-24.0,-1.4876183248125017,-2.2492988844169304
95.0,119.16168399999997,26.067203000000003,0.84,259.0,0.9264285714285714,-0.1942857142857142,263.50428571428574,60.0,24.0,0.8111426830291748,2.865732226293687e-09,-0.4188790204786391,10.8035880698449,0.0,-24.0,-1.4876183248125017,-2.2492988869780675
96.0,119.161678,26.067198,1.0,266.0,0.91,-0.3,267.44,60.0,22.0,0.8178572654724121,0.8168795780388606,-0.3839724354387525,10.925761117484502,0.0,-22.0,-2.0243949335999787,-2.866608420968987
96.5,119.16167799999997,26.067198,1.0,266.0,0.913,-0.2479999999999999,270.01699999999994,60.0,22.0,0.6029999256134033,2.843895748077944e-09,-0.3839724354387525,10.925761117484502,0.0,-22.0,-2.0243949335999787,-2.866608423530124
97.0,119.161674,26.067196,0.89,272.0,0.85,-0.43,272.47,60.0,21.0,0.5980000495910645,0.4574834254918178,-0.3665191429188092,11.030480872604162,0.0,-21.0,-2.234380521811545,-3.273788419784978
97.5,119.16167399999998,26.067196,0.8899999999999999,272.0,0.9142857142857144,-0.1628571428571428,274.79285714285714,60.0,21.0,0.439000129699707,2.8438957963770407e-09,-0.3665191429188092,11.030480872604162,0.0,-21.0,-2.2343805208802223,-3.2737884222879075
98.0,119.161671,26.067194,0.92,275.0,0.92,-0.19,276.59,60.0,22.0,0.437999963760376,0.3731033391041022,-0.3839724354387525,11.082840750163992,0.0,-22.0,-2.4473192575387657,-3.580808323866222
98.5,119.161671,26.067194,0.9200000000000002,275.0,0.9222222222222224,-0.1877777777777778,279.20777777777784,60.0,22.0,0.5443332195281982,0.0,-0.3839724354387525,11.082840750163992,0.0,-22.0,-2.4473192575387657,-3.580808323866222
99.0,119.161666,26.067192,0.9,281.0,0.92,-0.26,281.57,60.0,24.0,0.5466668605804443,0.5471749035136814,-0.4188790204786391,11.187560505283653,0.0,-24.0,-2.654351665638387,-4.08814846543828
100.0,119.16166599999998,26.067191999999995,0.9000000000000002,281.0,0.9428571428571428,-0.2485714285714285,285.3764285714286,60.0,24.0,0.8172860145568848,1.465133036984726e-09,-0.4188790204786391,11.187560505283653,0.0,-24.0,-2.6543516661040485,-4.08814846543828
101.0,119.161658,26.067189,0.89,288.0,0.91,-0.1,288.85,60.0,21.0,0.820713996887207,0.8667438863621743,-0.3665191429188092,11.309733552923255,0.0,-21.0,-2.9634236600250006,-4.899238764075562
101.5,119.161658,26.06718899999999,0.8900000000000002,288.0,0.8907142857142858,-0.2921428571428571,292.6328571428571,60.0,21.0,0.818356990814209,1.0583222168143135e-09,-0.3665191429188092,11.309733552923255,0.0,-21.0,-2.963423660490662,-4.899238764075562
102.5,119.161651,26.067188,0.89,295.0,0.89,-0.21,296.12,60.0,19.0,0.8196430206298828,0.7091327042708143,-0.33161255787892263,11.431906600562858,0.0,-19.0,-3.0536505728960037,-5.603629379358608
103.0,119.161651,26.067187999999994,0.8899999999999999,295.0,0.91125,-0.2149999999999999,298.485,60.0,19.0,0.4902496337890625,7.055481445428757e-10,-0.33161255787892263,11.431906600562858,0.0,-19.0,-3.0536505738273263,-5.603629379358608
103.5,119.16165,26.067188,0.9,300.0,0.9133333333333333,-0.27166666666666667,301.2216666666667,60.0,25.0,0.35570859909057617,0.0500303479242032,-0.4363323129985824,11.519173063162576,0.0,-25.0,-3.050697400700301,-5.7037894948152825
104.0,119.161646,26.067188,0.9,302.0,0.93,-0.29,303.01,60.0,22.0,0.2183330059051513,0.4002427777058336,-0.3839724354387525,11.55407964820246,0.0,-22.0,-3.0388847002759576,-6.1044299621135
104.5,119.161646,26.067187999999994,0.9000000000000001,302.0,0.929,-0.236,305.525,60.0,22.0,0.599600076675415,1.587655980957042e-09,-0.3839724354387525,11.55407964820246,0.0,-22.0,-3.038884700741619,-6.1044299621135
105.0,119.16164,26.067188,1.0,307.0,0.9,-0.32,308.15,60.0,22.0,0.5994000434875488,0.600364166558831,-0.3839724354387525,11.641346110802179,0.0,-22.0,-3.0211656261235476,-6.705390662653372
105.5,119.16164,26.067187999999994,1.0,307.0,0.9411111111111112,-0.3511111111111111,310.77333333333337,60.0,22.0,0.5474443435668945,7.055481445428757e-10,-0.3839724354387525,11.641346110802179,0.0,-22.0,-3.021165626589209,-6.705390662653372
106.0,119.161633,26.067189,0.91,313.0,0.86,-0.21,313.02,60.0,20.0,0.545555591583252,0.7091327053299475,-0.3490658503988659,11.746065865921839,0.0,-20.0,-2.8895942326635122,-7.4032416640548036
106.5,119.161632,26.067189,0.9,313.5,0.92,-0.1883333333333333,314.7933333333333,60.0,21.5,0.2174999713897705,0.100060693576772,-0.3752457891787808,11.75479251218181,0.0,-21.5,-2.8866410446353257,-7.503401779977139
107.0,119.16163099999996,26.067188999999992,0.89,314.0,0.913,-0.2259999999999999,317.70000000000005,60.0,23.0,0.6020002365112305,2.865732561782986e-09,-0.4014257279586958,11.763519158441781,0.0,-23.0,-2.8836878570728004,-7.603561903350055
108.0,119.161625,26.06719,0.91,320.0,0.96,-0.27,320.26,60.0,18.0,0.6019997596740723,0.6105008842128617,-0.3141592653589793,11.868238913561441,0.0,-18.0,-2.755069605540484,-8.201252769795246
109.0,119.161625,26.06719,0.91,320.0,0.9166666666666666,-0.2322222222222222,324.8533333333333,60.0,18.0,1.035778284072876,1.4651330604145975e-09,-0.3141592653589793,11.868238913561441,0.0,-18.0,-2.755069605540484,-8.201252769795246
110.0,119.161617,26.067193,0.9,328.0,0.9,-0.51,328.99,60.0,22.0,1.038221836090088,0.8667438814586141,-0.3839724354387525,12.007865253720986,0.0,-22.0,-2.398746714927256,-8.992724196054041
110.5,119.161617,26.067193,0.9000000000000001,328.0,0.9122222222222224,-0.1977777777777777,331.5877777777778,60.0,22.0,0.5446667671203613,0.0,-0.3839724354387525,12.007865253720986,0.0,-22.0,-2.398746714927256,-8.992724196054041
111.0,119.161612,26.067195,0.9,333.0,0.9,-0.15,334.18,60.0,26.0,0.5483331680297852,0.5471748993016542,-0.4537856055185257,12.095131716320704,0.0,-26.0,-2.1621824926696718,-9.486985085124616
112.0,119.16161200000003,26.067195000000016,0.9,333.0,0.9010526315789474,-0.1784210526315789,338.442105263158,60.0,26.0,1.090315818786621,4.493582578830844e-09,-0.4537856055185257,12.095131716320704,0.0,-26.0,-2.162182491272688,-9.486985085124616
113.0,119.161605,26.0672,0.94,343.0,0.92,-0.17,343.06,60.0,24.0,1.1006841659545898,0.893000618188311,-0.4188790204786391,12.269664641520137,0.0,-24.0,-1.5870145079679787,-10.17175664176466
113.5,119.1616035,26.067201,0.95,343.5,0.8916666666666666,-0.2783333333333333,344.6016666666667,60.0,23.5,0.21350002288818354,0.18655166413077,-0.41015237421866746,12.278391287780108,0.0,-23.5,-1.47168558370322,-10.318726957950275
114.50000000000001,119.16160199999996,26.067202000000005,0.9600000000000004,344.0,0.926111111111111,-0.1738888888888889,349.0783333333333,60.0,23.0,1.0404443740844729,4.26584347721961e-09,-0.4014257279586958,12.28711793404008,0.0,-23.0,-1.356356657575816,-10.465697274135891
115.50000000000001,119.161594,26.06721,0.95,352.0,0.93,-0.17,353.42,60.0,19.0,1.0345556735992432,1.1942889995868469,-0.33161255787892263,12.426744274199626,0.0,-19.0,-0.4455380658619106,-11.240819274622481
116.50000000000001,119.161594,26.06721,0.95,352.0,0.935,-0.172,355.991,60.0,19.0,0.602799654006958,3.5277407227143775e-10,-0.33161255787892263,12.426744274199626,0.0,-19.0,-0.4455380658619106,-11.240819274622481
117.00000000000001,119.161592,26.067212,0.92,358.0,0.91,-0.45,358.77,60.0,21.0,0.6012003421783447,0.2985722449346288,-0.3665191429188092,12.531464029319286,0.0,-21.0,-0.2178334086202085,-11.434599753294606
117.50000000000001,119.161592,26.067212,0.92,358.0,0.8916666666666667,-0.2533333333333333,180.13,60.0,21.0,0.3805000782012939,0.0,-0.3665191429188092,12.531464029319286,0.0,-21.0,-0.2178334086202085,-11.434599753294606
119.00000000000001,119.161587,26.067222,0.93,6.0,0.95,-0.18,7.17,60.0,23.0,1.5844998359680176,1.2156168026234702,-0.4014257279586958,12.671090369478833,0.0,-23.0,0.9059238024055958,-11.902701601560693
119.50000000000001,119.16158700000004,26.06722200000001,0.9299999999999998,6.0,0.9278571428571428,-0.2121428571428572,10.160714285714286,60.0,23.0,0.8187856674194336,4.395398056609377e-09,-0.4014257279586958,12.671090369478833,0.0,-23.0,0.9059238033369184,-11.902701598941348
120.50000000000001,119.161585,26.06723,0.86,13.0,0.86,-0.22,13.97,60.0,24.0,0.8212144374847412,0.9086241460263406,-0.4188790204786391,12.793263417118435,0.0,-24.0,1.7990231341682374,-12.076862840738613
121.00000000000001,119.16158500000004,26.06723,0.8600000000000001,13.0,0.912,-0.2179999999999999,16.147,60.0,24.0,0.5983998775482178,2.8438949752919213e-09,-0.4188790204786391,12.793263417118435,0.0,-24.0,1.7990231341682374,-12.076862835732754
121.50000000000001,119.161585,26.067233,0.87,17.0,0.9,-0.16,18.55,60.0,24.0,0.597599983215332,0.3323670704592714,-0.4188790204786391,12.863076587198208,0.0,-24.0,2.1317204642109573,-12.067053236591164
122.00000000000001,119.16158500000002,26.067233,0.87,17.0,0.9283333333333332,-0.1466666666666666,20.276666666666667,60.0,24.0,0.3846666812896728,1.421947451421593e-09,-0.4188790204786391,12.863076587198208,0.0,-24.0,2.13172046514228,-12.06705323397182
122.50000000000001,119.161584,26.067239,0.87,21.0,0.98,-0.12,21.7,60.0,20.0,0.3803334236145019,0.6722228901938846,-0.3490658503988659,12.932889757277982,0.0,-20.0,2.800068353768438,-12.147594098991249
123.00000000000001,119.161584,26.067239999999998,0.9099999999999999,22.5,0.938,-0.304,24.000999999999998,60.0,20.5,0.32749998569488525,0.11078902424058454,-0.35779249665883756,12.959069696057897,0.0,-20.5,2.9109674650244415,-12.14432422752725
123.50000000000001,119.16158399999998,26.067241000000003,0.95,24.0,0.905,-0.2299999999999999,26.968000000000007,60.0,21.0,0.6024000644683838,2.9302649259047272e-09,-0.3665191429188092,12.985249634837812,0.0,-21.0,3.0218665739521384,-12.141054358391557
124.50000000000001,119.161584,26.067243,0.85,28.0,0.94,-0.18,29.12,60.0,23.0,0.5995998382568359,0.2215780467265874,-0.4014257279586958,13.055062804917585,0.0,-23.0,3.2436647955328226,-12.134514614765067
125.00000000000001,119.16158399999998,26.067243,0.8499999999999999,28.0,0.9233333333333332,-0.231111111111111,31.723333333333333,60.0,23.0,0.546889066696167,2.9302648790448996e-09,-0.4014257279586958,13.055062804917585,0.0,-23.0,3.2436647950671613,-12.134514617209788
125.50000000000001,119.161584,26.06725,0.89,33.0,0.88,-0.18,33.79,60.0,21.0,0.5581109523773193,0.7755231670600935,-0.3665191429188092,13.142329267517301,0.0,-21.0,4.019958567339927,-12.111625515797641
